"noaaid","transportation"
1,"low"
2,"low"
3,"low"
4,"low"
5,"low"
6,"low"
7,"low"
8,"low"
9,"low"
11,"low"
12,"low"
13,"low"
16,"low"
17,"low"
19,"low"
20,"low"
21,"low"
22,"low"
23,"low"
24,"low"
25,"low"
26,"low"
28,"low"
30,"low"
31,"low"
32,"low"
33,"low"
34,"low"
35,"low"
36,"low"
37,"low"
38,"low"
39,"low"
40,"low"
41,"low"
42,"low"
44,"low"
46,"low"
47,"low"
48,"low"
49,"low"
50,"low"
51,"low"
52,"low"
55,"low"
58,"low"
59,"low"
61,"low"
62,"low"
63,"low"
65,"low"
67,"low"
69,"low"
71,"low"
72,"low"
73,"low"
74,"low"
76,"low"
77,"low"
78,"low"
79,"low"
80,"low"
81,"low"
82,"low"
83,"low"
87,"low"
88,"low"
89,"low"
90,"low"
91,"low"
92,"low"
93,"low"
95,"low"
96,"low"
97,"low"
98,"low"
99,"low"
101,"low"
102,"low"
103,"low"
104,"low"
105,"low"
106,"low"
108,"low"
111,"low"
112,"low"
114,"low"
116,"low"
117,"low"
118,"low"
120,"low"
121,"low"
122,"low"
123,"low"
124,"low"
125,"low"
126,"low"
127,"low"
128,"low"
129,"low"
130,"low"
131,"low"
132,"low"
134,"low"
135,"low"
136,"low"
137,"low"
138,"low"
140,"low"
141,"low"
142,"low"
150,"low"
151,"low"
155,"low"
156,"low"
157,"low"
158,"low"
159,"low"
161,"low"
162,"low"
163,"low"
164,"low"
165,"low"
166,"low"
169,"low"
171,"low"
172,"low"
182,"low"
183,"low"
184,"low"
185,"low"
186,"low"
187,"low"
188,"low"
197,"low"
198,"low"
200,"low"
207,"low"
208,"low"
209,"low"
210,"low"
211,"low"
212,"low"
213,"low"
214,"low"
216,"low"
217,"low"
218,"low"
219,"low"
220,"low"
221,"low"
222,"low"
229,"low"
230,"low"
232,"low"
233,"low"
234,"low"
236,"low"
237,"low"
240,"low"
241,"low"
242,"low"
249,"low"
252,"low"
253,"low"
254,"low"
263,"low"
266,"low"
267,"low"
286,"low"
297,"low"
298,"low"
299,"low"
316,"low"
317,"low"
318,"low"
319,"low"
324,"low"
329,"low"
330,"low"
331,"low"
340,"low"
341,"low"
349,"low"
350,"low"
351,"low"
366,"low"
367,"low"
368,"low"
371,"low"
372,"low"
374,"low"
375,"low"
376,"low"
377,"low"
390,"low"
394,"low"
414,"low"
415,"low"
416,"low"
417,"low"
426,"low"
436,"low"
437,"low"
449,"low"
454,"low"
463,"low"
476,"low"
485,"low"
499,"low"
500,"low"
501,"low"
509,"low"
511,"low"
536,"low"
537,"low"
554,"low"
563,"low"
565,"low"
566,"low"
567,"low"
579,"low"
605,"low"
606,"low"
635,"low"
641,"low"
642,"low"
650,"low"
651,"low"
671,"low"
683,"low"
684,"low"
685,"low"
686,"low"
690,"low"
702,"low"
703,"low"
704,"low"
706,"low"
709,"low"
720,"low"
724,"low"
725,"low"
726,"low"
727,"low"
730,"low"
736,"low"
737,"low"
738,"low"
739,"low"
746,"low"
747,"low"
749,"low"
756,"low"
757,"low"
758,"low"
761,"low"
762,"low"
763,"low"
764,"low"
765,"low"
766,"low"
769,"low"
770,"low"
771,"low"
773,"low"
777,"low"
785,"low"
787,"low"
788,"low"
792,"low"
793,"low"
794,"low"
797,"low"
798,"low"
799,"low"
801,"low"
803,"low"
804,"low"
806,"low"
809,"low"
811,"low"
813,"low"
814,"low"
817,"low"
818,"low"
820,"low"
822,"low"
824,"low"
828,"low"
829,"low"
833,"low"
834,"low"
835,"low"
837,"low"
838,"low"
840,"low"
842,"low"
844,"low"
845,"low"
846,"low"
847,"low"
849,"low"
852,"low"
853,"low"
856,"low"
857,"low"
858,"low"
860,"low"
864,"low"
865,"low"
868,"low"
869,"low"
870,"low"
871,"low"
872,"low"
873,"low"
874,"low"
879,"low"
882,"low"
884,"low"
885,"low"
886,"low"
887,"low"
888,"low"
889,"low"
890,"low"
891,"low"
892,"low"
893,"low"
894,"low"
896,"low"
897,"low"
898,"low"
899,"low"
900,"low"
901,"low"
902,"low"
903,"low"
904,"low"
905,"low"
906,"low"
907,"low"
916,"low"
917,"low"
918,"low"
920,"low"
922,"low"
924,"low"
925,"low"
926,"low"
927,"low"
928,"low"
929,"low"
932,"low"
933,"low"
938,"low"
941,"low"
942,"low"
943,"low"
944,"low"
945,"low"
946,"low"
950,"low"
953,"low"
954,"low"
955,"low"
956,"low"
957,"low"
960,"low"
961,"low"
962,"low"
963,"low"
964,"low"
965,"low"
966,"low"
967,"low"
968,"low"
969,"low"
971,"low"
977,"low"
978,"low"
981,"low"
982,"low"
984,"low"
985,"low"
986,"low"
987,"low"
988,"low"
992,"low"
993,"low"
995,"low"
996,"low"
997,"low"
1000,"low"
1004,"low"
1005,"low"
1008,"low"
1009,"low"
1010,"low"
1011,"low"
1014,"low"
1032,"low"
1033,"low"
1034,"low"
1035,"low"
1042,"low"
1050,"low"
1065,"low"
1066,"low"
1067,"low"
1068,"low"
1077,"low"
1078,"low"
1079,"low"
1080,"low"
1084,"low"
1088,"low"
1089,"low"
1090,"low"
1091,"low"
1092,"low"
1103,"low"
1108,"low"
1111,"low"
1112,"low"
1116,"low"
1117,"low"
1118,"low"
1119,"low"
1123,"low"
1124,"low"
1127,"low"
1128,"low"
1132,"low"
1133,"low"
1134,"low"
1135,"low"
1136,"low"
1140,"low"
1141,"low"
1142,"low"
1143,"low"
1144,"low"
1145,"low"
1146,"low"
1147,"low"
1148,"low"
1149,"low"
1154,"low"
1155,"low"
1156,"low"
1157,"low"
1158,"low"
1159,"low"
1160,"low"
1161,"low"
1162,"low"
1163,"low"
1166,"low"
1168,"low"
1169,"low"
1170,"low"
1171,"low"
1172,"low"
1173,"low"
1174,"low"
1175,"low"
1177,"low"
1178,"low"
1179,"low"
1182,"low"
1183,"low"
1184,"low"
1185,"low"
1186,"low"
1188,"low"
1189,"low"
1190,"low"
1191,"low"
1192,"low"
1193,"low"
1194,"low"
1195,"low"
1196,"low"
1197,"low"
1198,"low"
1199,"low"
1200,"low"
1201,"low"
1202,"low"
1203,"low"
1204,"low"
1206,"low"
1207,"low"
1208,"low"
1209,"low"
1211,"low"
1212,"low"
1213,"low"
1214,"low"
1215,"low"
1216,"low"
1218,"low"
1219,"low"
1220,"low"
1221,"low"
1222,"low"
1223,"low"
1224,"low"
1225,"low"
1226,"low"
1227,"low"
1228,"low"
1229,"low"
1230,"low"
1231,"low"
1236,"low"
1237,"low"
1238,"low"
1239,"low"
1240,"low"
1242,"low"
1243,"low"
1244,"low"
1245,"low"
1249,"low"
1251,"low"
1253,"low"
1254,"low"
1255,"low"
1256,"low"
1259,"low"
1260,"low"
1261,"low"
1262,"low"
1263,"low"
1264,"low"
1282,"low"
1283,"low"
1284,"low"
1285,"low"
1289,"low"
1290,"low"
1291,"low"
1292,"low"
1293,"low"
1294,"low"
1295,"low"
1298,"low"
1301,"low"
1302,"low"
1304,"low"
1305,"low"
1306,"low"
1307,"low"
1308,"low"
1309,"low"
1310,"low"
1311,"low"
1312,"low"
1313,"low"
1314,"low"
1317,"low"
1318,"low"
1319,"low"
1320,"low"
1321,"low"
1322,"low"
1323,"low"
1324,"low"
1325,"low"
1326,"low"
1327,"low"
1328,"low"
1329,"low"
1330,"low"
1331,"low"
1333,"low"
1334,"low"
1335,"low"
1336,"low"
1337,"low"
1338,"low"
1339,"low"
1340,"low"
1341,"low"
1342,"low"
1343,"low"
1344,"low"
1345,"low"
1346,"low"
1347,"low"
1348,"low"
1349,"low"
1352,"low"
1353,"low"
1354,"low"
1355,"low"
1356,"low"
1357,"low"
1358,"low"
1359,"low"
1360,"low"
1361,"low"
1362,"low"
1363,"low"
1364,"low"
1365,"low"
1366,"low"
1367,"low"
1368,"low"
1369,"low"
1371,"low"
1372,"low"
1373,"low"
1374,"low"
1375,"low"
1376,"low"
1378,"low"
1379,"low"
1380,"low"
1381,"low"
1382,"low"
1383,"low"
1384,"low"
1385,"low"
1386,"low"
1387,"low"
1388,"low"
1389,"low"
1394,"low"
1395,"low"
1396,"low"
1401,"low"
1402,"low"
1403,"low"
1404,"low"
1405,"low"
1406,"low"
1407,"low"
1408,"low"
1411,"low"
1417,"low"
1418,"low"
1419,"low"
1424,"low"
1425,"low"
1426,"low"
1427,"low"
1428,"low"
1429,"low"
1430,"low"
1431,"low"
1432,"low"
1433,"low"
1434,"low"
1440,"low"
1441,"low"
1442,"low"
1443,"low"
1444,"low"
1445,"low"
1446,"low"
1447,"low"
1448,"low"
1449,"low"
1450,"low"
1451,"low"
1452,"low"
1453,"low"
1454,"low"
1455,"low"
1456,"low"
1457,"low"
1458,"low"
1459,"low"
1460,"low"
1461,"low"
1463,"low"
1464,"low"
1465,"low"
1466,"low"
1467,"low"
1468,"low"
1469,"low"
1470,"low"
1471,"low"
1472,"low"
1473,"low"
1474,"low"
1476,"low"
1477,"low"
1478,"low"
1479,"low"
1480,"low"
1481,"low"
1482,"low"
1483,"low"
1484,"low"
1485,"low"
1488,"low"
1489,"low"
1490,"low"
1491,"low"
1492,"low"
1493,"low"
1494,"low"
1495,"low"
1496,"low"
1497,"low"
1498,"low"
1499,"low"
1500,"low"
1501,"low"
1502,"low"
1503,"low"
1504,"low"
1516,"low"
1517,"low"
1518,"low"
1520,"low"
1521,"low"
1522,"low"
1523,"low"
1524,"low"
1525,"low"
1526,"low"
1527,"low"
1528,"low"
1529,"low"
1531,"low"
1532,"low"
1533,"low"
1534,"low"
1535,"low"
1543,"low"
1544,"low"
1545,"low"
1546,"low"
1547,"low"
1549,"low"
1551,"low"
1552,"low"
1559,"low"
1560,"low"
1562,"low"
1564,"low"
1565,"low"
1566,"low"
1568,"low"
1569,"low"
1573,"low"
1574,"low"
1575,"low"
1576,"low"
1577,"low"
1578,"low"
1579,"low"
1580,"low"
1582,"low"
1583,"low"
1584,"low"
1587,"low"
1590,"low"
1591,"low"
1600,"low"
1601,"low"
1602,"low"
1603,"low"
1604,"low"
1606,"low"
1607,"low"
1608,"low"
1609,"low"
1610,"low"
1614,"low"
1615,"low"
1617,"low"
1618,"low"
1619,"low"
1620,"low"
1622,"low"
1625,"low"
1626,"low"
1627,"low"
1628,"low"
1630,"low"
1631,"low"
1632,"low"
1633,"low"
1634,"low"
1635,"low"
1636,"low"
1637,"low"
1638,"low"
1639,"low"
1642,"low"
1643,"low"
1644,"low"
1645,"low"
1646,"low"
1647,"low"
1648,"low"
1649,"low"
1650,"low"
1655,"low"
1656,"low"
1657,"low"
1658,"low"
1659,"low"
1660,"low"
1663,"low"
1664,"low"
1665,"low"
1666,"low"
1667,"low"
1668,"low"
1669,"low"
1670,"low"
1671,"low"
1672,"low"
1673,"low"
1674,"low"
1675,"low"
1676,"low"
1677,"low"
1678,"low"
1679,"low"
1681,"low"
1682,"low"
1683,"low"
1684,"low"
1685,"low"
1686,"low"
1687,"low"
1688,"low"
1690,"low"
1691,"low"
1692,"low"
1693,"low"
1694,"low"
1695,"low"
1696,"low"
1697,"low"
1698,"low"
1699,"low"
1706,"low"
1707,"low"
1708,"low"
1709,"low"
1711,"low"
1712,"low"
1717,"low"
1718,"low"
1719,"low"
1724,"low"
1725,"low"
1727,"low"
1728,"low"
1729,"low"
1730,"low"
1731,"low"
1732,"low"
1736,"low"
1739,"low"
1740,"low"
1741,"low"
1742,"low"
1743,"low"
1744,"low"
1745,"low"
1746,"low"
1747,"low"
1748,"low"
1749,"low"
1754,"low"
1756,"low"
1757,"low"
1758,"low"
1759,"low"
1760,"low"
1761,"low"
1762,"low"
1763,"low"
1764,"low"
1765,"low"
1766,"low"
1767,"low"
1768,"low"
1769,"low"
1774,"low"
1775,"low"
1776,"low"
1777,"low"
1778,"low"
1779,"low"
1780,"low"
1781,"low"
1785,"low"
1786,"low"
1787,"low"
1788,"low"
1789,"low"
1792,"low"
1793,"low"
1796,"low"
1797,"low"
1798,"low"
1799,"low"
1800,"low"
1801,"low"
1802,"low"
1803,"low"
1804,"low"
1805,"low"
1806,"low"
1807,"low"
1808,"low"
1809,"low"
1810,"low"
1811,"low"
1813,"low"
1814,"low"
1817,"low"
1818,"low"
1819,"low"
1820,"low"
1821,"low"
1822,"low"
1823,"low"
1824,"low"
1825,"low"
1826,"low"
1827,"low"
1828,"low"
1829,"low"
1840,"low"
1841,"low"
1842,"low"
1843,"low"
1844,"low"
1845,"low"
1846,"low"
1847,"low"
1848,"low"
1849,"low"
1850,"low"
1851,"low"
1854,"low"
1856,"low"
1857,"low"
1858,"low"
1859,"low"
1860,"low"
1861,"low"
1862,"low"
1863,"low"
1864,"low"
1865,"low"
1866,"low"
1867,"low"
1868,"low"
1869,"low"
1870,"low"
1871,"low"
1872,"low"
1883,"low"
1884,"low"
1885,"low"
1887,"low"
1888,"low"
1889,"low"
1890,"low"
1891,"low"
1892,"low"
1894,"low"
1914,"low"
1916,"low"
1918,"low"
1919,"low"
1920,"low"
1921,"low"
1922,"low"
1926,"low"
1927,"low"
1948,"low"
1949,"low"
1950,"low"
1951,"low"
1952,"low"
1953,"low"
1954,"low"
1955,"low"
1961,"low"
1962,"low"
1963,"low"
1977,"low"
1978,"low"
1979,"low"
1981,"low"
1982,"low"
1983,"low"
1984,"low"
1986,"low"
1990,"low"
1991,"low"
1992,"low"
1993,"low"
1995,"low"
1996,"low"
1997,"low"
1998,"low"
1999,"low"
2000,"low"
2001,"low"
2002,"low"
2003,"low"
2010,"low"
2011,"low"
2012,"low"
2013,"low"
2018,"low"
2019,"low"
2020,"low"
2021,"low"
2029,"low"
2030,"low"
2035,"low"
2043,"low"
2052,"low"
2053,"low"
2054,"low"
2055,"low"
2056,"low"
2063,"low"
2064,"low"
2065,"low"
2066,"low"
2067,"low"
2068,"low"
2071,"low"
2072,"low"
2073,"low"
2074,"low"
2076,"low"
2080,"low"
2081,"low"
2082,"low"
2083,"low"
2084,"low"
2085,"low"
2092,"low"
2093,"low"
2094,"low"
2095,"low"
2096,"low"
2097,"low"
2098,"low"
2099,"low"
2100,"low"
2102,"low"
2103,"low"
2104,"low"
2105,"low"
2106,"low"
2107,"low"
2108,"low"
2109,"low"
2110,"low"
2113,"low"
2114,"low"
2115,"low"
2116,"low"
2117,"low"
2118,"low"
2122,"low"
2123,"low"
2124,"low"
2125,"low"
2126,"low"
2127,"low"
2128,"low"
2129,"low"
2130,"low"
2140,"low"
2141,"low"
2142,"low"
2143,"low"
2144,"low"
2151,"low"
2153,"low"
2155,"low"
2156,"low"
2157,"low"
2160,"low"
2161,"low"
2162,"low"
2173,"low"
2175,"low"
2178,"low"
2179,"low"
2180,"low"
2181,"low"
2182,"low"
2184,"low"
2185,"low"
2186,"low"
2187,"low"
2188,"low"
2190,"low"
2191,"low"
2193,"low"
2194,"low"
2195,"low"
2196,"low"
2197,"low"
2198,"low"
2204,"low"
2205,"low"
2206,"low"
2211,"low"
2212,"low"
2215,"low"
2216,"low"
2219,"low"
2220,"low"
2222,"low"
2223,"low"
2224,"low"
2230,"low"
2237,"low"
2239,"low"
2240,"low"
2241,"low"
2242,"low"
2243,"low"
2244,"low"
2247,"low"
2248,"low"
2249,"low"
2250,"low"
2251,"low"
2252,"low"
2253,"low"
2254,"low"
2259,"low"
2261,"low"
2263,"low"
2264,"low"
2265,"low"
2266,"low"
2267,"low"
2268,"low"
2269,"low"
2270,"low"
2272,"low"
2273,"low"
2274,"low"
2275,"low"
2276,"low"
2278,"low"
2280,"low"
2281,"low"
2282,"low"
2283,"low"
2284,"low"
2286,"low"
2287,"low"
2288,"low"
2289,"low"
2290,"low"
2291,"low"
2292,"low"
2293,"low"
2294,"low"
2295,"low"
2296,"low"
2297,"low"
2300,"low"
2301,"low"
2309,"low"
2310,"low"
2311,"low"
2312,"low"
2314,"low"
2315,"low"
2316,"low"
2317,"low"
2318,"low"
2319,"low"
2340,"low"
2341,"low"
2345,"low"
2346,"low"
2347,"low"
2348,"low"
2350,"low"
2351,"low"
2352,"low"
2353,"low"
2361,"low"
2362,"low"
2363,"low"
2367,"low"
2368,"low"
2369,"low"
2370,"low"
2371,"low"
2372,"low"
2373,"low"
2374,"low"
2375,"low"
2376,"low"
2377,"low"
2379,"low"
2380,"low"
2381,"low"
2382,"low"
2383,"low"
2384,"low"
2385,"low"
2391,"low"
2392,"low"
2393,"low"
2394,"low"
2395,"low"
2396,"low"
2397,"low"
2413,"low"
2414,"low"
2417,"low"
2418,"low"
2421,"low"
2438,"low"
2439,"low"
2440,"low"
2441,"low"
2444,"low"
2445,"low"
2446,"low"
2447,"low"
2448,"low"
2449,"low"
2450,"low"
2460,"low"
2462,"low"
2467,"low"
2468,"low"
2471,"low"
2476,"low"
2477,"low"
2478,"low"
2483,"low"
2484,"low"
2486,"low"
2487,"low"
2488,"low"
2489,"low"
2496,"low"
2497,"low"
2498,"low"
2499,"low"
2501,"low"
2502,"low"
2503,"low"
2504,"low"
2505,"low"
2514,"low"
2515,"low"
2517,"low"
2523,"low"
2524,"low"
2525,"low"
2526,"low"
2527,"low"
2528,"low"
2529,"low"
2530,"low"
2531,"low"
2534,"low"
2535,"low"
2536,"low"
2537,"low"
2538,"low"
2539,"low"
2540,"low"
2542,"low"
2543,"low"
2544,"low"
2545,"low"
2546,"low"
2547,"low"
2548,"low"
2549,"low"
2550,"low"
2552,"low"
2553,"low"
2554,"low"
2562,"low"
2563,"low"
2571,"low"
2572,"low"
2578,"low"
2585,"low"
2586,"low"
2588,"low"
2590,"low"
2591,"low"
2592,"low"
2593,"low"
2615,"low"
2616,"low"
2622,"low"
2623,"low"
2624,"low"
2625,"low"
2626,"low"
2627,"low"
2629,"low"
2631,"low"
2632,"low"
2633,"low"
2634,"low"
2635,"low"
2636,"low"
2637,"low"
2638,"low"
2639,"low"
2640,"low"
2641,"low"
2643,"low"
2644,"low"
2645,"low"
2646,"low"
2648,"low"
2649,"low"
2650,"low"
2651,"low"
2652,"low"
2653,"low"
2654,"low"
2655,"low"
2656,"low"
2657,"low"
2658,"low"
2659,"low"
2660,"low"
2661,"low"
2662,"low"
2663,"low"
2664,"low"
2665,"low"
2666,"low"
2667,"low"
2668,"low"
2669,"low"
2670,"low"
2671,"low"
2672,"low"
2673,"low"
2674,"low"
2675,"low"
2676,"low"
2677,"low"
2678,"low"
2679,"low"
2680,"low"
2681,"low"
2694,"low"
2695,"low"
2701,"low"
2702,"low"
2703,"low"
2704,"low"
2710,"low"
2711,"low"
2712,"low"
2714,"low"
2715,"low"
2716,"low"
2718,"low"
2719,"low"
2720,"low"
2721,"low"
2722,"low"
2723,"low"
2724,"low"
2725,"low"
2726,"low"
2727,"low"
2728,"low"
2729,"low"
2730,"low"
2731,"low"
2732,"low"
2733,"low"
2734,"low"
2735,"low"
2736,"low"
2737,"low"
2738,"low"
2742,"low"
2743,"low"
2744,"low"
2745,"low"
2746,"low"
2748,"low"
2749,"low"
2750,"low"
2751,"low"
2752,"low"
2753,"low"
2754,"low"
2755,"low"
2757,"low"
2759,"low"
2760,"low"
2761,"low"
2762,"low"
2765,"low"
2766,"low"
2767,"low"
2768,"low"
2777,"low"
2778,"low"
2779,"low"
2780,"low"
2781,"low"
2782,"low"
2783,"low"
2784,"low"
2785,"low"
2787,"low"
2788,"low"
2789,"low"
2790,"low"
2791,"low"
2792,"low"
2793,"low"
2794,"low"
2795,"low"
2796,"low"
2797,"low"
2798,"low"
2799,"low"
2800,"low"
2801,"low"
2802,"low"
2803,"low"
2804,"low"
2805,"low"
2806,"low"
2808,"low"
2811,"low"
2812,"low"
2813,"low"
2814,"low"
2815,"low"
2816,"low"
2818,"low"
2819,"low"
2820,"low"
2821,"low"
2822,"low"
2823,"low"
2833,"low"
2834,"low"
2835,"low"
2836,"low"
2837,"low"
2838,"low"
2839,"low"
2840,"low"
2841,"low"
2842,"low"
2845,"low"
2846,"low"
2848,"low"
2849,"low"
2850,"low"
2852,"low"
2853,"low"
2854,"low"
2855,"low"
2856,"low"
2857,"low"
2860,"low"
2861,"low"
2863,"low"
2864,"low"
2865,"low"
2866,"low"
2868,"low"
2869,"low"
2870,"low"
2873,"low"
2874,"low"
2875,"low"
2876,"low"
2877,"low"
2880,"low"
2881,"low"
2882,"low"
2883,"low"
2884,"low"
2885,"low"
2886,"low"
2889,"low"
2890,"low"
2891,"low"
2892,"low"
2893,"low"
2894,"low"
2895,"low"
2896,"low"
2897,"low"
2898,"low"
2899,"low"
2900,"low"
2901,"low"
2902,"low"
2903,"low"
2904,"low"
2905,"low"
2906,"low"
2907,"low"
2908,"low"
2909,"low"
2910,"low"
2911,"low"
2912,"low"
2913,"low"
2914,"low"
2915,"low"
2916,"low"
2918,"low"
2919,"low"
2920,"low"
2921,"low"
2922,"low"
2923,"low"
2924,"low"
2925,"low"
2926,"low"
2927,"low"
2928,"low"
2929,"low"
2930,"low"
2931,"low"
2932,"low"
2933,"low"
2934,"low"
2935,"low"
2936,"low"
2937,"low"
2938,"low"
2939,"low"
2940,"low"
2941,"low"
2942,"low"
2943,"low"
2944,"low"
2945,"low"
2946,"low"
2947,"low"
2948,"low"
2949,"low"
2952,"low"
2953,"low"
2954,"low"
2955,"low"
2957,"low"
2958,"low"
2959,"low"
2960,"low"
2961,"low"
2962,"low"
2963,"low"
2964,"low"
2965,"low"
2966,"low"
2967,"low"
2968,"low"
2969,"low"
2970,"low"
2971,"low"
2972,"low"
2973,"low"
2974,"low"
2975,"low"
2976,"low"
2977,"low"
2978,"low"
2979,"low"
2980,"low"
2981,"low"
2982,"low"
2983,"low"
2984,"low"
2985,"low"
2986,"low"
2987,"low"
2988,"low"
2989,"low"
2990,"low"
2991,"low"
2992,"low"
2993,"low"
2994,"low"
2995,"low"
2996,"low"
2997,"low"
2998,"low"
2999,"low"
3000,"low"
3001,"low"
3002,"low"
3003,"low"
3005,"low"
3006,"low"
3008,"low"
3009,"low"
3010,"low"
3011,"low"
3012,"low"
3013,"low"
3014,"low"
3015,"low"
3016,"low"
3017,"low"
3018,"low"
3019,"low"
3021,"low"
3022,"low"
3023,"low"
3026,"low"
3027,"low"
3028,"low"
3029,"low"
3030,"low"
3031,"low"
3032,"low"
3033,"low"
3034,"low"
3035,"low"
3036,"low"
3037,"low"
3038,"low"
3039,"low"
3040,"low"
3042,"low"
3045,"low"
3050,"low"
3051,"low"
3052,"low"
3053,"low"
3054,"low"
3055,"low"
3056,"low"
3058,"low"
3059,"low"
3060,"low"
3061,"low"
3062,"low"
3063,"low"
3064,"low"
3065,"low"
3066,"low"
3067,"low"
3068,"low"
3069,"low"
3070,"low"
3071,"low"
3072,"low"
3073,"low"
3074,"low"
3075,"low"
3076,"low"
3077,"low"
3078,"low"
3079,"low"
3080,"low"
3081,"low"
3082,"low"
3083,"low"
3084,"low"
3085,"low"
3086,"low"
3087,"low"
3088,"low"
3089,"low"
3090,"low"
3091,"low"
3092,"low"
3093,"low"
3094,"low"
3095,"low"
3096,"low"
3097,"low"
3098,"low"
3099,"low"
3100,"low"
3101,"low"
3102,"low"
3103,"low"
3104,"low"
3105,"low"
3106,"low"
3107,"low"
3108,"low"
3109,"low"
3110,"low"
3111,"low"
3112,"low"
3113,"low"
3114,"low"
3115,"low"
3116,"low"
3117,"low"
3118,"low"
3119,"low"
3121,"low"
3122,"low"
3123,"low"
3124,"low"
3125,"low"
3126,"low"
3127,"low"
3128,"low"
3131,"low"
3132,"low"
3133,"low"
3134,"low"
3135,"low"
3136,"low"
3137,"low"
3138,"low"
3139,"low"
3140,"low"
3141,"low"
3142,"low"
3143,"low"
3144,"low"
3146,"low"
3147,"low"
3148,"low"
3149,"low"
3150,"low"
3151,"low"
3152,"low"
3153,"low"
3159,"low"
3160,"low"
3161,"low"
3162,"low"
3164,"low"
3165,"low"
3166,"low"
3168,"low"
3169,"low"
3172,"low"
3173,"low"
3174,"low"
3175,"low"
3176,"low"
3177,"low"
3178,"low"
3179,"low"
3180,"low"
3181,"low"
3182,"low"
3183,"low"
3184,"low"
3185,"low"
3186,"low"
3187,"low"
3188,"low"
3189,"low"
3190,"low"
3191,"low"
3192,"low"
3194,"low"
3195,"low"
3196,"low"
3197,"low"
3198,"low"
3199,"low"
3200,"low"
3201,"low"
3202,"low"
3203,"low"
3204,"low"
3205,"low"
3206,"low"
3207,"low"
3208,"low"
3209,"low"
3210,"low"
3213,"low"
3214,"low"
3215,"low"
3216,"low"
3217,"low"
3219,"low"
3222,"low"
3224,"low"
3225,"low"
3226,"low"
3227,"low"
3228,"low"
3229,"low"
3230,"low"
3231,"low"
3232,"low"
3233,"low"
3234,"low"
3235,"low"
3236,"low"
3238,"low"
3239,"low"
3240,"low"
3241,"low"
3242,"low"
3243,"low"
3244,"low"
3245,"low"
3246,"low"
3252,"low"
3253,"low"
3254,"low"
3255,"low"
3257,"low"
3258,"low"
3259,"low"
3260,"low"
3262,"low"
3263,"low"
3264,"low"
3265,"low"
3266,"low"
3267,"low"
3269,"low"
3270,"low"
3271,"low"
3272,"low"
3273,"low"
3274,"low"
3275,"low"
3276,"low"
3277,"low"
3278,"low"
3279,"low"
3280,"low"
3283,"low"
3284,"low"
3287,"low"
3289,"low"
3290,"low"
3291,"low"
3292,"low"
3293,"low"
3294,"low"
3295,"low"
3296,"low"
3297,"low"
3298,"low"
3300,"low"
3301,"low"
3302,"low"
3303,"low"
3304,"low"
3305,"low"
3306,"low"
3307,"low"
3308,"low"
3309,"low"
3312,"low"
3313,"low"
3315,"low"
3316,"low"
3317,"low"
3319,"low"
3320,"low"
3321,"low"
3322,"low"
3323,"low"
3324,"low"
3325,"low"
3326,"low"
3327,"low"
3330,"low"
3331,"low"
3332,"low"
3333,"low"
3334,"low"
3335,"low"
3336,"low"
3337,"low"
3339,"low"
3340,"low"
3341,"low"
3342,"low"
3343,"low"
3344,"low"
3346,"low"
3347,"low"
3348,"low"
3349,"low"
3350,"low"
3351,"low"
3352,"low"
3353,"low"
3354,"low"
3355,"low"
3356,"low"
3357,"low"
3358,"low"
3359,"low"
3360,"low"
3361,"low"
3363,"low"
3365,"low"
3366,"low"
3367,"low"
3368,"low"
3369,"low"
3370,"low"
3374,"low"
3375,"low"
3376,"low"
3377,"low"
3382,"low"
3383,"low"
3384,"low"
3385,"low"
3386,"low"
3387,"low"
3388,"low"
3389,"low"
3390,"low"
3391,"low"
3392,"low"
3393,"low"
3394,"low"
3395,"low"
3396,"low"
3397,"low"
3398,"low"
3401,"low"
3402,"low"
3403,"low"
3404,"low"
3405,"low"
3406,"low"
3407,"low"
3408,"low"
3410,"low"
3411,"low"
3412,"low"
3413,"low"
3414,"low"
3415,"low"
3416,"low"
3417,"low"
3418,"low"
3419,"low"
3420,"low"
3426,"low"
3427,"low"
3428,"low"
3429,"low"
3430,"low"
3431,"low"
3432,"low"
3433,"low"
3434,"low"
3435,"low"
3436,"low"
3437,"low"
3438,"low"
3440,"low"
3441,"low"
3442,"low"
3443,"low"
3444,"low"
3445,"low"
3447,"low"
3448,"low"
3449,"low"
3455,"low"
3456,"low"
3457,"low"
3458,"low"
3459,"low"
3460,"low"
3461,"low"
3462,"low"
3463,"low"
3464,"low"
3465,"low"
3466,"low"
3468,"low"
3469,"low"
3471,"low"
3472,"low"
3473,"low"
3474,"low"
3475,"low"
3476,"low"
3477,"low"
3478,"low"
3479,"low"
3480,"low"
3481,"low"
3482,"low"
3483,"low"
3484,"low"
3485,"low"
3486,"low"
3487,"low"
3488,"low"
3489,"low"
3490,"low"
3491,"low"
3493,"low"
3494,"low"
3495,"low"
3496,"low"
3497,"low"
3499,"low"
3500,"low"
3501,"low"
3502,"low"
3503,"low"
3504,"low"
3505,"low"
3506,"low"
3507,"low"
3508,"low"
3509,"low"
3510,"low"
3511,"low"
3512,"low"
3513,"low"
3514,"low"
3515,"low"
3516,"low"
3517,"low"
3518,"low"
3519,"low"
3520,"low"
3521,"low"
3522,"low"
3523,"low"
3524,"low"
3525,"low"
3526,"low"
3527,"low"
3528,"low"
3529,"low"
3530,"low"
3531,"low"
3532,"low"
3533,"low"
3534,"low"
3537,"low"
3538,"low"
3539,"low"
3540,"low"
3541,"low"
3542,"low"
3543,"low"
3544,"low"
3545,"low"
3546,"low"
3547,"low"
3548,"low"
3549,"low"
3550,"low"
3551,"low"
3552,"low"
3553,"low"
3554,"low"
3555,"low"
3556,"low"
3557,"low"
3558,"low"
3559,"low"
3561,"low"
3562,"low"
3563,"low"
3564,"low"
3565,"low"
3566,"low"
3568,"low"
3570,"low"
3571,"low"
3572,"low"
3573,"low"
3574,"low"
3575,"low"
3576,"low"
3577,"low"
3578,"low"
3579,"low"
3580,"low"
3581,"low"
3582,"low"
3583,"low"
3584,"low"
3585,"low"
3586,"low"
3587,"low"
3588,"low"
3589,"low"
3590,"low"
3591,"low"
3592,"low"
3593,"low"
3594,"low"
3595,"low"
3596,"low"
3597,"low"
3598,"low"
3599,"low"
3600,"low"
3601,"low"
3602,"low"
3603,"low"
3604,"low"
3605,"low"
3606,"low"
3607,"low"
3609,"low"
3610,"low"
3611,"low"
3612,"low"
3613,"low"
3614,"low"
3615,"low"
3616,"low"
3617,"low"
3619,"low"
3620,"low"
3621,"low"
3623,"low"
3624,"low"
3625,"low"
3626,"low"
3627,"low"
3628,"low"
3629,"low"
3630,"low"
3631,"low"
3632,"low"
3633,"low"
3634,"low"
3635,"low"
3636,"low"
3637,"low"
3638,"low"
3639,"low"
3640,"low"
3641,"low"
3642,"low"
3643,"low"
3644,"low"
3645,"low"
3646,"low"
3647,"low"
3648,"low"
3649,"low"
3650,"low"
3651,"low"
3652,"low"
3653,"low"
3654,"low"
3655,"low"
3657,"low"
3658,"low"
3659,"low"
3661,"low"
3662,"low"
3664,"low"
3665,"low"
3666,"low"
3667,"low"
3668,"low"
3669,"low"
3670,"low"
3671,"low"
3679,"low"
3682,"low"
3683,"low"
3684,"low"
3685,"low"
3686,"low"
3687,"low"
3688,"low"
3689,"low"
3690,"low"
3691,"low"
3692,"low"
3693,"low"
3695,"low"
3696,"low"
3697,"low"
3698,"low"
3699,"low"
3700,"low"
3701,"low"
3702,"low"
3703,"low"
3704,"low"
3705,"low"
3706,"low"
3707,"low"
3708,"low"
3710,"low"
3711,"low"
3712,"low"
3713,"low"
3714,"low"
3715,"low"
3717,"low"
3718,"low"
3721,"low"
3722,"low"
3723,"low"
3724,"low"
3725,"low"
3726,"low"
3727,"low"
3728,"low"
3729,"low"
3730,"low"
3731,"low"
3732,"low"
3733,"low"
3734,"low"
3735,"low"
3736,"low"
3737,"low"
3738,"low"
3739,"low"
3740,"low"
3743,"low"
3744,"low"
3745,"low"
3746,"low"
3747,"low"
3748,"low"
3749,"low"
3750,"low"
3751,"low"
3752,"low"
3753,"low"
3754,"low"
3755,"low"
3757,"low"
3758,"low"
3760,"low"
3761,"low"
3762,"low"
3763,"low"
3764,"low"
3765,"low"
3766,"low"
3767,"low"
3770,"low"
3772,"low"
3773,"low"
3775,"low"
3776,"low"
3779,"low"
3780,"low"
3781,"low"
3782,"low"
3783,"low"
3785,"low"
3786,"low"
3788,"low"
3789,"low"
3790,"low"
3791,"low"
3792,"low"
3793,"low"
3794,"low"
3795,"low"
3797,"low"
3798,"low"
3799,"low"
3800,"low"
3802,"low"
3803,"low"
3804,"low"
3807,"low"
3808,"low"
3809,"low"
3810,"low"
3811,"low"
3812,"low"
3813,"low"
3814,"low"
3815,"low"
3816,"low"
3817,"low"
3818,"low"
3819,"low"
3820,"low"
3821,"low"
3822,"low"
3823,"low"
3826,"low"
3827,"low"
3828,"low"
3829,"low"
3831,"low"
3832,"low"
3833,"low"
3834,"low"
3835,"low"
3836,"low"
3837,"low"
3838,"low"
3839,"low"
3840,"low"
3841,"low"
3842,"low"
3843,"low"
3846,"low"
3847,"low"
3848,"low"
3849,"low"
3850,"low"
3851,"low"
3852,"low"
3853,"low"
3854,"low"
3856,"low"
3857,"low"
3858,"low"
3859,"low"
3860,"low"
3862,"low"
3863,"low"
3864,"low"
3865,"low"
3866,"low"
3867,"low"
3868,"low"
3869,"low"
3870,"low"
3871,"low"
3872,"low"
3873,"low"
3876,"low"
3877,"low"
3878,"low"
3879,"low"
3880,"low"
3881,"low"
3882,"low"
3883,"low"
3884,"low"
3885,"low"
3886,"low"
3887,"low"
3888,"low"
3889,"low"
3890,"low"
3891,"low"
3892,"low"
3893,"low"
3894,"low"
3895,"low"
3896,"low"
3897,"low"
3898,"low"
3899,"low"
3900,"low"
3901,"low"
3902,"low"
3903,"low"
3904,"low"
3905,"low"
3906,"low"
3907,"low"
3908,"low"
3909,"low"
3910,"low"
3911,"low"
3912,"low"
3913,"low"
3914,"low"
3915,"low"
3916,"low"
3917,"low"
3918,"low"
3919,"low"
3920,"low"
3921,"low"
3922,"low"
3923,"low"
3924,"low"
3925,"low"
3926,"low"
3927,"low"
3928,"low"
3929,"low"
3930,"low"
3931,"low"
3932,"low"
3933,"low"
3934,"low"
3935,"low"
3936,"low"
3937,"low"
3938,"low"
3939,"low"
3942,"low"
3943,"low"
3944,"low"
3945,"low"
3946,"low"
3947,"low"
3948,"low"
3949,"low"
3950,"low"
3951,"low"
3952,"low"
3953,"low"
3957,"low"
3958,"low"
3959,"low"
3960,"low"
3961,"low"
3962,"low"
3963,"low"
3964,"low"
3965,"low"
3966,"low"
3967,"low"
3971,"low"
3972,"low"
3973,"low"
3974,"low"
3975,"low"
3976,"low"
3977,"low"
3978,"low"
3979,"low"
3981,"low"
3982,"low"
3983,"low"
3985,"low"
3988,"low"
3989,"low"
3990,"low"
3991,"low"
3992,"low"
3993,"low"
3994,"low"
3996,"low"
3997,"low"
4000,"low"
4001,"low"
4003,"low"
4004,"low"
4005,"low"
4006,"low"
4009,"low"
4010,"low"
4011,"low"
4012,"low"
4013,"low"
4014,"low"
4015,"low"
4016,"low"
4017,"low"
4018,"low"
4019,"low"
4020,"low"
4021,"low"
4022,"low"
4023,"low"
4024,"low"
4025,"low"
4026,"low"
4027,"low"
4028,"low"
4029,"low"
4030,"low"
4031,"low"
4032,"low"
4034,"low"
4035,"low"
4036,"low"
4037,"low"
4038,"low"
4039,"low"
4040,"low"
4041,"low"
4042,"low"
4043,"low"
4044,"low"
4045,"low"
4046,"low"
4047,"low"
4048,"low"
4049,"low"
4050,"low"
4051,"low"
4052,"low"
4053,"low"
4054,"low"
4055,"low"
4056,"low"
4057,"low"
4058,"low"
4059,"low"
4060,"low"
4061,"low"
4062,"low"
4063,"low"
4064,"low"
4065,"low"
4067,"low"
4068,"low"
4069,"low"
4070,"low"
4071,"low"
4072,"low"
4073,"low"
4074,"low"
4075,"low"
4076,"low"
4077,"low"
4078,"low"
4079,"low"
4080,"low"
4081,"low"
4082,"low"
4083,"low"
4084,"low"
4085,"low"
4086,"low"
4087,"low"
4088,"low"
4089,"low"
4090,"low"
4091,"low"
4092,"low"
4093,"low"
4094,"low"
4095,"low"
4096,"low"
4097,"low"
4098,"low"
4099,"low"
4100,"low"
4101,"low"
4102,"low"
4103,"low"
4105,"low"
4106,"low"
4107,"low"
4108,"low"
4109,"low"
4110,"low"
4111,"low"
4112,"low"
4114,"low"
4115,"low"
4118,"low"
4119,"low"
4120,"low"
4121,"low"
4122,"low"
4123,"low"
4124,"low"
4125,"low"
4126,"low"
4127,"low"
4128,"low"
4129,"low"
4130,"low"
4131,"low"
4132,"low"
4133,"low"
4135,"low"
4136,"low"
4137,"low"
4138,"low"
4139,"low"
4140,"low"
4141,"low"
4142,"low"
4143,"low"
4144,"low"
4145,"low"
4146,"low"
4147,"low"
4148,"low"
4149,"low"
4150,"low"
4152,"low"
4154,"low"
4155,"low"
4156,"low"
4158,"low"
4159,"low"
4160,"low"
4161,"low"
4162,"low"
4163,"low"
4164,"low"
4165,"low"
4166,"low"
4167,"low"
4168,"low"
4169,"low"
4170,"low"
4171,"low"
4173,"low"
4174,"low"
4175,"low"
4176,"low"
4177,"low"
4178,"low"
4179,"low"
4180,"low"
4181,"low"
4182,"low"
4183,"low"
4184,"low"
4185,"low"
4186,"low"
4187,"low"
4188,"low"
4189,"low"
4190,"low"
4191,"low"
4192,"low"
4193,"low"
4194,"low"
4195,"low"
4196,"low"
4197,"low"
4199,"low"
4200,"low"
4201,"low"
4202,"low"
4203,"low"
4205,"low"
4206,"low"
4207,"low"
4208,"low"
4209,"low"
4210,"low"
4211,"low"
4213,"low"
4214,"low"
4215,"low"
4216,"low"
4218,"low"
4219,"low"
4221,"low"
4222,"low"
4223,"low"
4224,"low"
4225,"low"
4226,"low"
4230,"low"
4231,"low"
4232,"low"
4233,"low"
4235,"low"
4236,"low"
4237,"low"
4238,"low"
4239,"low"
4240,"low"
4241,"low"
4242,"low"
4243,"low"
4245,"low"
4246,"low"
4247,"low"
4248,"low"
4249,"low"
4250,"low"
4251,"low"
4252,"low"
4253,"low"
4254,"low"
4255,"low"
4256,"low"
4257,"low"
4259,"low"
4260,"low"
4263,"low"
4264,"low"
4265,"low"
4266,"low"
4268,"low"
4275,"low"
4276,"low"
4277,"low"
4278,"low"
4279,"low"
4281,"low"
4282,"low"
4283,"low"
4284,"low"
4285,"low"
4286,"low"
4287,"low"
4290,"low"
4292,"low"
4294,"low"
4295,"low"
4296,"low"
4297,"low"
4298,"low"
4299,"low"
4300,"low"
4301,"low"
4303,"low"
4306,"low"
4308,"low"
4309,"low"
4310,"low"
4311,"low"
4312,"low"
4315,"low"
4316,"low"
4318,"low"
4319,"low"
4320,"low"
4321,"low"
4322,"low"
4323,"low"
4324,"low"
4325,"low"
4327,"low"
4328,"low"
4329,"low"
4330,"low"
4331,"low"
4333,"low"
4334,"low"
4335,"low"
4336,"low"
4339,"low"
4340,"low"
4341,"low"
4342,"low"
4344,"low"
4346,"low"
4347,"low"
4348,"low"
4349,"low"
4350,"low"
4351,"low"
4352,"low"
4354,"low"
4355,"low"
4356,"low"
4358,"low"
4359,"low"
4360,"low"
4361,"low"
4362,"low"
4363,"low"
4366,"low"
4367,"low"
4368,"low"
4370,"low"
4371,"low"
4373,"low"
4374,"low"
4377,"low"
4379,"low"
4381,"low"
4382,"low"
4383,"low"
4386,"low"
4387,"low"
4388,"low"
4389,"low"
4391,"low"
4392,"low"
4394,"low"
4401,"low"
4402,"low"
4403,"low"
4407,"low"
4408,"low"
4409,"low"
4410,"low"
4411,"low"
4412,"low"
4413,"low"
4414,"low"
4416,"low"
4417,"low"
4421,"low"
4422,"low"
4423,"low"
4425,"low"
4426,"low"
4427,"low"
4428,"low"
4430,"low"
4432,"low"
4433,"low"
4434,"low"
4435,"low"
4438,"low"
4439,"low"
4442,"low"
4443,"low"
4445,"low"
4446,"low"
4447,"low"
4448,"low"
4449,"low"
4452,"low"
4454,"low"
4456,"low"
4457,"low"
4458,"low"
4459,"low"
4461,"low"
4462,"low"
4463,"low"
4464,"low"
4465,"low"
4466,"low"
4467,"low"
4469,"low"
4470,"low"
4471,"low"
4472,"low"
4473,"low"
4474,"low"
4475,"low"
4476,"low"
4477,"low"
4479,"low"
4480,"low"
4481,"low"
4482,"low"
4483,"low"
4484,"low"
4485,"low"
4486,"low"
4487,"low"
4488,"low"
4489,"low"
4490,"low"
4493,"low"
4494,"low"
4495,"low"
4496,"low"
4497,"low"
4498,"low"
4499,"low"
4500,"low"
4501,"low"
4502,"low"
4503,"low"
4504,"low"
4505,"low"
4506,"low"
4507,"low"
4511,"low"
4512,"low"
4513,"low"
4514,"low"
4515,"low"
4517,"low"
4518,"low"
4519,"low"
4520,"low"
4521,"low"
4522,"low"
4523,"low"
4526,"low"
4527,"low"
4528,"low"
4537,"low"
4538,"low"
4539,"low"
4540,"low"
4541,"low"
4542,"low"
4543,"low"
4544,"low"
4545,"low"
4547,"low"
4548,"low"
4549,"low"
4550,"low"
4551,"low"
4554,"low"
4555,"low"
4557,"low"
4558,"low"
4559,"low"
4560,"low"
4561,"low"
4562,"low"
4563,"low"
4564,"low"
4566,"low"
4567,"low"
4568,"low"
4571,"low"
4572,"low"
4573,"low"
4575,"low"
4576,"low"
4577,"low"
4578,"low"
4579,"low"
4581,"low"
4582,"low"
4583,"low"
4584,"low"
4585,"low"
4587,"low"
4588,"low"
4589,"low"
4590,"low"
4591,"low"
4592,"low"
4594,"low"
4595,"low"
4596,"low"
4597,"low"
4598,"low"
4599,"low"
4600,"low"
4601,"low"
4602,"low"
4603,"low"
4604,"low"
4607,"low"
4608,"low"
4609,"low"
4610,"low"
4611,"low"
4613,"low"
4614,"low"
4615,"low"
4616,"low"
4617,"low"
4618,"low"
4619,"low"
4623,"low"
4624,"low"
4625,"low"
4626,"low"
4627,"low"
4628,"low"
4629,"low"
4630,"low"
4631,"low"
4632,"low"
4633,"low"
4636,"low"
4637,"low"
4638,"low"
4639,"low"
4641,"low"
4643,"low"
4644,"low"
4645,"low"
4646,"low"
4649,"low"
4650,"low"
4651,"low"
4652,"low"
4653,"low"
4655,"low"
4656,"low"
4657,"low"
4658,"low"
4659,"low"
4661,"low"
4662,"low"
4664,"low"
4665,"low"
4666,"low"
4667,"low"
4668,"low"
4669,"low"
4670,"low"
4671,"low"
4672,"low"
4673,"low"
4675,"low"
4679,"low"
4680,"low"
4681,"low"
4682,"low"
4683,"low"
4685,"low"
4686,"low"
4687,"low"
4688,"low"
4690,"low"
4691,"low"
4692,"low"
4694,"low"
4695,"low"
4698,"low"
4699,"low"
4700,"low"
4702,"low"
4703,"low"
4704,"low"
4705,"low"
4706,"low"
4707,"low"
4710,"low"
4712,"low"
4713,"low"
4716,"low"
4718,"low"
4719,"low"
4720,"low"
4721,"low"
4722,"low"
4723,"low"
4724,"low"
4726,"low"
4727,"low"
4728,"low"
4729,"low"
4730,"low"
4731,"low"
4732,"low"
4733,"low"
4734,"low"
4737,"low"
4738,"low"
4739,"low"
4740,"low"
4741,"low"
4742,"low"
4743,"low"
4744,"low"
4745,"low"
4746,"low"
4747,"low"
4749,"low"
4750,"low"
4751,"low"
4752,"low"
4753,"low"
4754,"low"
4755,"low"
4756,"low"
4757,"low"
4758,"low"
4759,"low"
4761,"low"
4764,"low"
4765,"low"
4766,"low"
4767,"low"
4768,"low"
4769,"low"
4770,"low"
4771,"low"
4772,"low"
4773,"low"
4774,"low"
4775,"low"
4776,"low"
4777,"low"
4778,"low"
4780,"low"
4781,"low"
4782,"low"
4783,"low"
4784,"low"
4785,"low"
4786,"low"
4787,"low"
4788,"low"
4791,"low"
4792,"low"
4793,"low"
4794,"low"
4795,"low"
4796,"low"
4797,"low"
4798,"low"
4799,"low"
4800,"low"
4801,"low"
4802,"low"
4804,"low"
4805,"low"
4806,"low"
4807,"low"
4808,"low"
4809,"low"
4810,"low"
4811,"low"
4812,"low"
4813,"low"
4814,"low"
4816,"low"
4817,"low"
4819,"low"
4820,"low"
4821,"low"
4822,"low"
4823,"low"
4824,"low"
4825,"low"
4826,"low"
4827,"low"
4828,"low"
4829,"low"
4830,"low"
4831,"low"
4832,"low"
4833,"low"
4834,"low"
4837,"low"
4838,"low"
4839,"low"
4840,"low"
4841,"low"
4842,"low"
4843,"low"
4844,"low"
4845,"low"
4847,"low"
4848,"low"
4849,"low"
4850,"low"
4851,"low"
4852,"low"
4853,"low"
4854,"low"
4855,"low"
4857,"low"
4858,"low"
4859,"low"
4860,"low"
4861,"low"
4862,"low"
4863,"low"
4864,"low"
4865,"low"
4867,"low"
4868,"low"
4869,"low"
4870,"low"
4871,"low"
4872,"low"
4874,"low"
4875,"low"
4876,"low"
4878,"low"
4879,"low"
4881,"low"
4882,"low"
4883,"low"
4884,"low"
4885,"low"
4886,"low"
4887,"low"
4888,"low"
4889,"low"
4890,"low"
4892,"low"
4893,"low"
4894,"low"
4895,"low"
4896,"low"
4897,"low"
4898,"low"
4899,"low"
4900,"low"
4901,"low"
4902,"low"
4903,"low"
4904,"low"
4905,"low"
4906,"low"
4907,"low"
4908,"low"
4909,"low"
4910,"low"
4911,"low"
4912,"low"
4914,"low"
4916,"low"
4917,"low"
4918,"low"
4920,"low"
4921,"low"
4922,"low"
4923,"low"
4924,"low"
4925,"low"
4926,"low"
4929,"low"
4930,"low"
4931,"low"
4932,"low"
4934,"low"
4935,"low"
4937,"low"
4938,"low"
4940,"low"
4941,"low"
4942,"low"
4943,"low"
4944,"low"
4945,"low"
4946,"low"
4947,"low"
4948,"low"
4949,"low"
4950,"low"
4952,"low"
4953,"low"
4954,"low"
4956,"low"
4957,"low"
4958,"low"
4959,"low"
4961,"low"
4962,"low"
4986,"low"
4987,"low"
4988,"low"
4989,"low"
4990,"low"
4991,"low"
4992,"low"
4993,"low"
4994,"low"
4995,"low"
4996,"low"
4997,"low"
4998,"low"
4999,"low"
5000,"low"
5001,"low"
5002,"low"
86,"low"
231,"low"
815,"low"
919,"low"
1003,"low"
1007,"low"
1085,"low"
1122,"low"
1129,"low"
1138,"low"
1153,"low"
1165,"low"
1187,"low"
1205,"low"
1250,"low"
1258,"low"
1279,"low"
1280,"low"
1286,"low"
1296,"low"
1297,"low"
1332,"low"
1397,"low"
1409,"low"
1462,"low"
1475,"low"
1536,"low"
1550,"low"
1558,"low"
1561,"low"
1581,"low"
1586,"low"
1612,"low"
1616,"low"
1621,"low"
1640,"low"
1652,"low"
1653,"low"
1654,"low"
1661,"low"
1680,"low"
1710,"low"
1723,"low"
1735,"low"
1737,"low"
1815,"low"
1816,"low"
2075,"low"
2132,"low"
2271,"low"
2354,"low"
2356,"low"
2455,"low"
2541,"low"
2717,"low"
2747,"low"
2763,"low"
2764,"low"
2847,"low"
2851,"low"
2859,"low"
2887,"low"
2956,"low"
3004,"low"
3007,"low"
3047,"low"
3130,"low"
3145,"low"
3163,"low"
3170,"low"
3286,"low"
3379,"low"
3719,"low"
3741,"low"
3768,"low"
3787,"low"
3805,"low"
3855,"low"
3940,"low"
3954,"low"
3955,"low"
4007,"low"
4033,"low"
4066,"low"
4151,"low"
4157,"low"
4217,"low"
4244,"low"
4258,"low"
4270,"low"
4353,"low"
4375,"low"
4390,"low"
4396,"low"
4404,"low"
4429,"low"
4451,"low"
4468,"low"
4478,"low"
4491,"low"
4492,"low"
4508,"low"
4509,"low"
4510,"low"
4524,"low"
4525,"low"
4605,"low"
4701,"low"
4708,"low"
4717,"low"
4763,"low"
4803,"low"
4836,"low"
4877,"low"
4928,"low"
4936,"low"
4951,"low"
10,"low"
14,"low"
15,"low"
18,"low"
27,"low"
29,"low"
43,"low"
45,"low"
53,"low"
54,"low"
56,"low"
57,"low"
60,"low"
64,"low"
66,"low"
68,"low"
70,"low"
75,"low"
84,"low"
85,"low"
94,"low"
100,"low"
107,"low"
109,"low"
110,"low"
113,"low"
115,"low"
119,"low"
133,"low"
139,"low"
144,"low"
148,"low"
149,"low"
152,"low"
153,"low"
154,"low"
160,"low"
173,"low"
174,"low"
175,"low"
176,"low"
179,"low"
181,"low"
195,"low"
196,"low"
199,"low"
201,"low"
215,"low"
235,"low"
268,"low"
285,"low"
288,"low"
325,"low"
378,"low"
382,"low"
444,"low"
455,"low"
464,"low"
465,"low"
503,"low"
504,"low"
575,"low"
608,"low"
613,"low"
667,"low"
674,"low"
675,"low"
676,"low"
687,"low"
713,"low"
723,"low"
729,"low"
732,"low"
733,"low"
734,"low"
740,"low"
741,"low"
748,"low"
752,"low"
753,"low"
759,"low"
768,"low"
772,"low"
774,"low"
775,"low"
782,"low"
786,"low"
796,"low"
802,"low"
807,"low"
808,"low"
810,"low"
812,"low"
816,"low"
819,"low"
821,"low"
823,"low"
827,"low"
831,"low"
836,"low"
839,"low"
841,"low"
843,"low"
848,"low"
850,"low"
851,"low"
854,"low"
855,"low"
859,"low"
861,"low"
866,"low"
867,"low"
881,"low"
895,"low"
923,"low"
930,"low"
937,"low"
947,"low"
951,"low"
952,"low"
983,"low"
991,"low"
994,"low"
998,"low"
1001,"low"
1002,"low"
1012,"low"
1013,"low"
1015,"low"
1016,"low"
1017,"low"
1018,"low"
1019,"low"
1020,"low"
1021,"low"
1022,"low"
1023,"low"
1024,"low"
1025,"low"
1026,"low"
1027,"low"
1028,"low"
1029,"low"
1031,"low"
1036,"low"
1037,"low"
1038,"low"
1039,"low"
1040,"low"
1041,"low"
1043,"low"
1044,"low"
1045,"low"
1046,"low"
1047,"low"
1048,"low"
1049,"low"
1051,"low"
1069,"low"
1070,"low"
1071,"low"
1072,"low"
1073,"low"
1076,"low"
1086,"low"
1087,"low"
1093,"low"
1094,"low"
1095,"low"
1096,"low"
1097,"low"
1098,"low"
1099,"low"
1100,"low"
1101,"low"
1102,"low"
1104,"low"
1105,"low"
1106,"low"
1107,"low"
1109,"low"
1110,"low"
1114,"low"
1115,"low"
1120,"low"
1121,"low"
1125,"low"
1126,"low"
1130,"low"
1131,"low"
1139,"low"
1164,"low"
1167,"low"
1176,"low"
1210,"low"
1217,"low"
1232,"low"
1233,"low"
1234,"low"
1235,"low"
1241,"low"
1248,"low"
1252,"low"
1257,"low"
1281,"low"
1287,"low"
1288,"low"
1299,"low"
1300,"low"
1303,"low"
1351,"low"
1370,"low"
1377,"low"
1390,"low"
1391,"low"
1392,"low"
1393,"low"
1420,"low"
1435,"low"
1436,"low"
1437,"low"
1438,"low"
1439,"low"
1486,"low"
1487,"low"
1505,"low"
1506,"low"
1507,"low"
1508,"low"
1509,"low"
1510,"low"
1511,"low"
1512,"low"
1513,"low"
1514,"low"
1515,"low"
1519,"low"
1530,"low"
1548,"low"
1553,"low"
1554,"low"
1555,"low"
1556,"low"
1557,"low"
1563,"low"
1567,"low"
1570,"low"
1571,"low"
1572,"low"
1585,"low"
1588,"low"
1589,"low"
1592,"low"
1593,"low"
1594,"low"
1599,"low"
1605,"low"
1611,"low"
1623,"low"
1624,"low"
1629,"low"
1641,"low"
1651,"low"
1662,"low"
1689,"low"
1700,"low"
1701,"low"
1702,"low"
1703,"low"
1704,"low"
1705,"low"
1720,"low"
1721,"low"
1722,"low"
1726,"low"
1755,"low"
1770,"low"
1771,"low"
1772,"low"
1773,"low"
1782,"low"
1783,"low"
1784,"low"
1790,"low"
1812,"low"
1830,"low"
1831,"low"
1855,"low"
1886,"low"
1893,"low"
1895,"low"
1896,"low"
1897,"low"
1898,"low"
1899,"low"
1900,"low"
1901,"low"
1902,"low"
1903,"low"
1904,"low"
1905,"low"
1906,"low"
1907,"low"
1908,"low"
1909,"low"
1910,"low"
1911,"low"
1912,"low"
1913,"low"
1915,"low"
1928,"low"
1929,"low"
1930,"low"
1931,"low"
1932,"low"
1933,"low"
1934,"low"
1935,"low"
1936,"low"
1937,"low"
1938,"low"
1939,"low"
1940,"low"
1941,"low"
1942,"low"
1943,"low"
1944,"low"
1945,"low"
1946,"low"
1947,"low"
1958,"low"
1959,"low"
1960,"low"
1964,"low"
1965,"low"
1966,"low"
1967,"low"
1974,"low"
1975,"low"
1976,"low"
1980,"low"
1985,"low"
1987,"low"
1988,"low"
1989,"low"
1994,"low"
2014,"low"
2015,"low"
2028,"low"
2036,"low"
2040,"low"
2041,"low"
2044,"low"
2045,"low"
2046,"low"
2047,"low"
2048,"low"
2049,"low"
2050,"low"
2051,"low"
2086,"low"
2087,"low"
2088,"low"
2089,"low"
2090,"low"
2091,"low"
2101,"low"
2111,"low"
2112,"low"
2119,"low"
2131,"low"
2133,"low"
2134,"low"
2135,"low"
2136,"low"
2137,"low"
2138,"low"
2139,"low"
2145,"low"
2148,"low"
2149,"low"
2150,"low"
2152,"low"
2158,"low"
2159,"low"
2174,"low"
2176,"low"
2183,"low"
2189,"low"
2199,"low"
2200,"low"
2201,"low"
2202,"low"
2203,"low"
2207,"low"
2208,"low"
2209,"low"
2210,"low"
2213,"low"
2214,"low"
2217,"low"
2218,"low"
2221,"low"
2225,"low"
2226,"low"
2229,"low"
2231,"low"
2232,"low"
2233,"low"
2238,"low"
2245,"low"
2246,"low"
2255,"low"
2260,"low"
2262,"low"
2277,"low"
2279,"low"
2285,"low"
2298,"low"
2299,"low"
2302,"low"
2303,"low"
2304,"low"
2305,"low"
2306,"low"
2307,"low"
2308,"low"
2313,"low"
2320,"low"
2321,"low"
2322,"low"
2323,"low"
2324,"low"
2325,"low"
2326,"low"
2332,"low"
2333,"low"
2338,"low"
2339,"low"
2342,"low"
2355,"low"
2357,"low"
2358,"low"
2359,"low"
2360,"low"
2364,"low"
2365,"low"
2366,"low"
2378,"low"
2386,"low"
2387,"low"
2388,"low"
2389,"low"
2390,"low"
2398,"low"
2399,"low"
2400,"low"
2401,"low"
2402,"low"
2403,"low"
2404,"low"
2405,"low"
2406,"low"
2407,"low"
2408,"low"
2409,"low"
2410,"low"
2411,"low"
2412,"low"
2415,"low"
2416,"low"
2422,"low"
2423,"low"
2424,"low"
2425,"low"
2426,"low"
2427,"low"
2428,"low"
2429,"low"
2430,"low"
2431,"low"
2432,"low"
2433,"low"
2434,"low"
2435,"low"
2436,"low"
2437,"low"
2442,"low"
2443,"low"
2451,"low"
2452,"low"
2453,"low"
2454,"low"
2456,"low"
2457,"low"
2458,"low"
2459,"low"
2461,"low"
2466,"low"
2469,"low"
2479,"low"
2480,"low"
2481,"low"
2482,"low"
2485,"low"
2491,"low"
2492,"low"
2493,"low"
2494,"low"
2495,"low"
2500,"low"
2506,"low"
2507,"low"
2508,"low"
2509,"low"
2510,"low"
2511,"low"
2512,"low"
2513,"low"
2516,"low"
2518,"low"
2519,"low"
2520,"low"
2521,"low"
2522,"low"
2532,"low"
2533,"low"
2551,"low"
2555,"low"
2556,"low"
2557,"low"
2558,"low"
2559,"low"
2560,"low"
2561,"low"
2564,"low"
2565,"low"
2566,"low"
2567,"low"
2568,"low"
2569,"low"
2570,"low"
2573,"low"
2574,"low"
2575,"low"
2579,"low"
2580,"low"
2581,"low"
2582,"low"
2583,"low"
2584,"low"
2587,"low"
2589,"low"
2594,"low"
2595,"low"
2596,"low"
2597,"low"
2598,"low"
2599,"low"
2600,"low"
2601,"low"
2602,"low"
2603,"low"
2604,"low"
2605,"low"
2606,"low"
2607,"low"
2608,"low"
2609,"low"
2610,"low"
2611,"low"
2612,"low"
2613,"low"
2614,"low"
2617,"low"
2618,"low"
2619,"low"
2620,"low"
2621,"low"
2628,"low"
2630,"low"
2642,"low"
2647,"low"
2682,"low"
2683,"low"
2684,"low"
2685,"low"
2686,"low"
2687,"low"
2688,"low"
2689,"low"
2690,"low"
2691,"low"
2692,"low"
2693,"low"
2696,"low"
2697,"low"
2698,"low"
2699,"low"
2700,"low"
2705,"low"
2706,"low"
2707,"low"
2708,"low"
2709,"low"
2713,"low"
2739,"low"
2740,"low"
2741,"low"
2756,"low"
2758,"low"
2786,"low"
2807,"low"
2809,"low"
2810,"low"
2817,"low"
2824,"low"
2825,"low"
2826,"low"
2827,"low"
2828,"low"
2829,"low"
2830,"low"
2831,"low"
2843,"low"
2844,"low"
2858,"low"
2862,"low"
2867,"low"
2871,"low"
2872,"low"
2878,"low"
2879,"low"
2917,"low"
2950,"low"
2951,"low"
3020,"low"
3024,"low"
3025,"low"
3041,"low"
3043,"low"
3044,"low"
3046,"low"
3048,"low"
3049,"low"
3057,"low"
3120,"low"
3129,"low"
3154,"low"
3155,"low"
3156,"low"
3157,"low"
3158,"low"
3167,"low"
3171,"low"
3193,"low"
3211,"low"
3212,"low"
3218,"low"
3220,"low"
3221,"low"
3223,"low"
3237,"low"
3247,"low"
3248,"low"
3249,"low"
3250,"low"
3251,"low"
3256,"low"
3261,"low"
3268,"low"
3281,"low"
3282,"low"
3285,"low"
3288,"low"
3299,"low"
3310,"low"
3311,"low"
3314,"low"
3328,"low"
3329,"low"
3338,"low"
3345,"low"
3362,"low"
3364,"low"
3380,"low"
3409,"low"
3421,"low"
3422,"low"
3423,"low"
3424,"low"
3425,"low"
3446,"low"
3450,"low"
3451,"low"
3452,"low"
3453,"low"
3454,"low"
3467,"low"
3470,"low"
3492,"low"
3498,"low"
3535,"low"
3536,"low"
3560,"low"
3567,"low"
3569,"low"
3608,"low"
3618,"low"
3622,"low"
3656,"low"
3660,"low"
3663,"low"
3672,"low"
3694,"low"
3709,"low"
3716,"low"
3720,"low"
3742,"low"
3756,"low"
3759,"low"
3769,"low"
3771,"low"
3774,"low"
3777,"low"
3778,"low"
3784,"low"
3796,"low"
3801,"low"
3806,"low"
3824,"low"
3825,"low"
3830,"low"
3844,"low"
3845,"low"
3861,"low"
3874,"low"
3875,"low"
3941,"low"
3956,"low"
3968,"low"
3969,"low"
3970,"low"
3980,"low"
3984,"low"
3986,"low"
3987,"low"
3995,"low"
3998,"low"
3999,"low"
4002,"low"
4008,"low"
4104,"low"
4113,"low"
4116,"low"
4117,"low"
4134,"low"
4153,"low"
4172,"low"
4198,"low"
4204,"low"
4212,"low"
4220,"low"
4227,"low"
4228,"low"
4229,"low"
4234,"low"
4261,"low"
4262,"low"
4267,"low"
4269,"low"
4271,"low"
4272,"low"
4273,"low"
4274,"low"
4288,"low"
4289,"low"
4291,"low"
4293,"low"
4302,"low"
4304,"low"
4305,"low"
4307,"low"
4313,"low"
4314,"low"
4317,"low"
4326,"low"
4332,"low"
4337,"low"
4338,"low"
4343,"low"
4345,"low"
4357,"low"
4364,"low"
4365,"low"
4369,"low"
4372,"low"
4378,"low"
4380,"low"
4384,"low"
4385,"low"
4393,"low"
4395,"low"
4398,"low"
4399,"low"
4400,"low"
4415,"low"
4418,"low"
4419,"low"
4420,"low"
4424,"low"
4431,"low"
4436,"low"
4437,"low"
4440,"low"
4441,"low"
4444,"low"
4450,"low"
4453,"low"
4455,"low"
4460,"low"
4516,"low"
4529,"low"
4546,"low"
4552,"low"
4553,"low"
4556,"low"
4565,"low"
4569,"low"
4570,"low"
4574,"low"
4580,"low"
4586,"low"
4593,"low"
4606,"low"
4612,"low"
4620,"low"
4621,"low"
4622,"low"
4634,"low"
4635,"low"
4640,"low"
4647,"low"
4648,"low"
4654,"low"
4660,"low"
4663,"low"
4674,"low"
4676,"low"
4677,"low"
4678,"low"
4684,"low"
4689,"low"
4693,"low"
4696,"low"
4697,"low"
4709,"low"
4711,"low"
4714,"low"
4715,"low"
4725,"low"
4735,"low"
4736,"low"
4748,"low"
4760,"low"
4762,"low"
4779,"low"
4789,"low"
4790,"low"
4815,"low"
4818,"low"
4835,"low"
4856,"low"
4866,"low"
4873,"low"
4880,"low"
4891,"low"
4913,"low"
4915,"low"
4919,"low"
4927,"low"
4933,"low"
4939,"low"
4955,"low"
4960,"low"
4963,"low"
4964,"low"
4965,"low"
4966,"low"
4967,"low"
4968,"low"
4969,"low"
4970,"low"
4971,"low"
4972,"low"
4973,"low"
4974,"low"
4975,"low"
4976,"low"
4977,"low"
4978,"low"
4979,"low"
4980,"low"
4981,"low"
4982,"low"
4983,"low"
4984,"low"
4985,"low"
5003,"low"
5004,"low"
5005,"low"
5006,"low"
5007,"low"
5008,"low"
5009,"low"
5011,"low"
5012,"low"
5013,"low"
5014,"low"
5015,"low"
5016,"low"
5017,"low"
5018,"low"
5019,"low"
5020,"low"
5021,"low"
5023,"low"
5024,"low"
5025,"low"
5027,"low"
5028,"low"
5029,"low"
5030,"low"
5031,"low"
5032,"low"
5033,"low"
5034,"low"
5035,"low"
5036,"low"
5037,"low"
5038,"low"
5039,"low"
5040,"low"
5042,"low"
5043,"low"
5050,"low"
5051,"low"
5052,"low"
5053,"low"
5054,"low"
5055,"low"
5056,"low"
5057,"low"
5058,"low"
5059,"low"
5060,"low"
5064,"low"
5065,"low"
5066,"low"
5067,"low"
5068,"low"
5070,"low"
5071,"low"
5072,"low"
5075,"low"
5076,"low"
5077,"low"
5078,"low"
5079,"low"
5080,"low"
5081,"low"
5082,"low"
5083,"low"
5084,"low"
5085,"low"
5086,"low"
5090,"low"
5091,"low"
5092,"low"
5093,"low"
5094,"low"
5097,"low"
5098,"low"
5099,"low"
5100,"low"
5101,"low"
5102,"low"
5103,"low"
5104,"low"
5105,"low"
5106,"low"
5107,"low"
5108,"low"
5109,"low"
5110,"low"
5111,"low"
5112,"low"
5113,"low"
5114,"low"
5115,"low"
5116,"low"
5117,"low"
5118,"low"
5121,"low"
5122,"low"
5123,"low"
5124,"low"
5125,"low"
5126,"low"
5128,"low"
5129,"low"
5131,"low"
5132,"low"
5133,"low"
5134,"low"
5135,"low"
5136,"low"
5137,"low"
5138,"low"
5139,"low"
5141,"low"
5142,"low"
5143,"low"
5144,"low"
5145,"low"
5146,"low"
5147,"low"
5148,"low"
5149,"low"
5150,"low"
5151,"low"
5152,"low"
5153,"low"
5156,"low"
5157,"low"
5158,"low"
5159,"low"
5160,"low"
5163,"low"
5164,"low"
5165,"low"
5166,"low"
5167,"low"
5168,"low"
5169,"low"
5170,"low"
5171,"low"
5172,"low"
5173,"low"
5174,"low"
5175,"low"
5176,"low"
5177,"low"
5178,"low"
5179,"low"
5180,"low"
5181,"low"
5182,"low"
5183,"low"
5184,"low"
5186,"low"
5187,"low"
5188,"low"
5189,"low"
5190,"low"
5191,"low"
5192,"low"
5193,"low"
5194,"low"
5195,"low"
5196,"low"
5197,"low"
5198,"low"
5199,"low"
5200,"low"
5201,"low"
5203,"low"
5204,"low"
5205,"low"
5206,"low"
5207,"low"
5208,"low"
5227,"low"
5228,"low"
5229,"low"
5230,"low"
5231,"low"
5232,"low"
5233,"low"
5235,"low"
5236,"low"
5237,"low"
5238,"low"
5239,"low"
5240,"low"
5241,"low"
5242,"low"
5243,"low"
5244,"low"
5245,"low"
5246,"low"
5247,"low"
5248,"low"
5249,"low"
5250,"low"
5251,"low"
5252,"low"
5254,"low"
5255,"low"
5256,"low"
5257,"low"
5258,"low"
5259,"low"
5260,"low"
5261,"low"
5262,"low"
5263,"low"
5264,"low"
5265,"low"
5266,"low"
5274,"low"
5275,"low"
5276,"low"
5277,"low"
5278,"low"
5279,"low"
5280,"low"
5282,"low"
5283,"low"
5284,"low"
5285,"low"
5286,"low"
5287,"low"
5290,"low"
5291,"low"
5292,"low"
5293,"low"
5295,"low"
5296,"low"
5297,"low"
5298,"low"
5299,"low"
5300,"low"
5302,"low"
5304,"low"
5305,"low"
5306,"low"
5307,"low"
5308,"low"
5309,"low"
5310,"low"
5311,"low"
5313,"low"
5314,"low"
5315,"low"
5316,"low"
5317,"low"
5318,"low"
5319,"low"
5320,"low"
5321,"low"
5322,"low"
5323,"low"
5324,"low"
5325,"low"
5326,"low"
5327,"low"
5328,"low"
5329,"low"
5330,"low"
5331,"low"
5332,"low"
5334,"low"
5335,"low"
5336,"low"
5337,"low"
5338,"low"
5339,"low"
5340,"low"
5341,"low"
5342,"low"
5343,"low"
5344,"low"
5345,"low"
5346,"low"
5347,"low"
5348,"low"
5350,"low"
5351,"low"
5352,"low"
5353,"low"
5354,"low"
5357,"low"
5358,"low"
5359,"low"
5360,"low"
5361,"low"
5362,"low"
5364,"low"
5365,"low"
5366,"low"
5367,"low"
5368,"low"
5369,"low"
5370,"low"
5371,"low"
5372,"low"
5373,"low"
5374,"low"
5375,"low"
5376,"low"
5377,"low"
5378,"low"
5379,"low"
5380,"low"
5381,"low"
5383,"low"
5385,"low"
5386,"low"
5387,"low"
5388,"low"
5390,"low"
5391,"low"
5392,"low"
5393,"low"
5394,"low"
5395,"low"
5396,"low"
5397,"low"
5398,"low"
5399,"low"
5400,"low"
5401,"low"
5403,"low"
5404,"low"
5405,"low"
5406,"low"
5407,"low"
5408,"low"
5409,"low"
5410,"low"
5411,"low"
5413,"low"
5414,"low"
5415,"low"
5416,"low"
5418,"low"
5419,"low"
5420,"low"
5422,"low"
5423,"low"
5425,"low"
5426,"low"
5427,"low"
5428,"low"
5429,"low"
5430,"low"
5431,"low"
5432,"low"
5433,"low"
5434,"low"
5435,"low"
5436,"low"
5437,"low"
5438,"low"
5439,"low"
5440,"low"
5441,"low"
5442,"low"
5443,"low"
5444,"low"
5445,"low"
5446,"low"
5447,"low"
5448,"low"
5449,"low"
5450,"low"
5451,"low"
5452,"low"
5453,"low"
5454,"low"
5455,"low"
5456,"low"
5457,"low"
5458,"low"
5459,"low"
5460,"low"
5461,"low"
5463,"low"
5465,"low"
5466,"low"
5467,"low"
5468,"low"
5469,"low"
5470,"low"
5471,"low"
5472,"low"
5473,"low"
5474,"low"
5475,"low"
5476,"low"
5478,"low"
5481,"low"
5482,"low"
5484,"low"
5485,"low"
5486,"low"
5488,"low"
5489,"low"
5490,"low"
5491,"low"
5492,"low"
5493,"low"
5494,"low"
5495,"low"
5496,"low"
5497,"low"
5498,"low"
5500,"low"
5501,"low"
5502,"low"
5503,"low"
5504,"low"
5505,"low"
5506,"low"
5507,"low"
5508,"low"
5509,"low"
5510,"low"
5511,"low"
5512,"low"
5513,"low"
5514,"low"
5515,"low"
5516,"low"
5517,"low"
5518,"low"
5519,"low"
5520,"low"
5521,"low"
5522,"low"
5523,"low"
5524,"low"
5525,"low"
5526,"low"
5527,"low"
5529,"low"
5530,"low"
5531,"low"
5532,"low"
5533,"low"
5534,"low"
5536,"low"
5537,"low"
5538,"low"
5540,"low"
5541,"low"
5542,"low"
5543,"low"
5544,"low"
5545,"low"
5546,"low"
5547,"low"
5549,"low"
5550,"low"
5551,"low"
5552,"low"
5553,"low"
5554,"low"
5555,"low"
5556,"low"
5557,"low"
5558,"low"
5559,"low"
5560,"low"
5562,"low"
5563,"low"
5564,"low"
5565,"low"
5566,"low"
5567,"low"
5568,"low"
5569,"low"
5570,"low"
5571,"low"
5572,"low"
5573,"low"
5574,"low"
5576,"low"
5578,"low"
5579,"low"
5584,"low"
5585,"low"
5586,"low"
5587,"low"
5588,"low"
5589,"low"
5590,"low"
5591,"low"
5592,"low"
5593,"low"
5594,"low"
5595,"low"
5596,"low"
5598,"low"
5599,"low"
5600,"low"
5601,"low"
5602,"low"
5603,"low"
5604,"low"
5605,"low"
5606,"low"
5607,"low"
5608,"low"
5609,"low"
5610,"low"
5611,"low"
5612,"low"
5613,"low"
5614,"low"
5615,"low"
5616,"low"
5618,"low"
5619,"low"
5620,"low"
5621,"low"
5622,"low"
5623,"low"
5624,"low"
5625,"low"
5626,"low"
5627,"low"
5628,"low"
5629,"low"
5630,"low"
5631,"low"
5632,"low"
5633,"low"
5634,"low"
5635,"low"
5668,"low"
5669,"low"
5670,"low"
5671,"low"
5672,"low"
5673,"low"
5674,"low"
5675,"low"
5676,"low"
5677,"low"
5689,"low"
5693,"low"
5695,"low"
5696,"low"
5729,"low"
5730,"low"
5731,"low"
5732,"low"
5733,"low"
5734,"low"
5735,"low"
5736,"low"
5737,"low"
5746,"low"
5747,"low"
5748,"low"
5749,"low"
5750,"low"
5751,"low"
5752,"low"
5753,"low"
5754,"low"
5755,"low"
5802,"low"
5803,"low"
5804,"low"
5805,"low"
5807,"low"
5808,"low"
5809,"low"
5810,"low"
5811,"low"
5813,"low"
5814,"low"
5815,"low"
5816,"low"
5817,"low"
5818,"low"
5820,"low"
5821,"low"
5822,"low"
5823,"low"
5827,"low"
5829,"low"
5830,"low"
5831,"low"
5832,"low"
5833,"low"
5834,"low"
5836,"low"
5837,"low"
5838,"low"
5839,"low"
5840,"low"
5841,"low"
5842,"low"
5843,"low"
5844,"low"
5845,"low"
5846,"low"
5847,"low"
5848,"low"
5849,"low"
5850,"low"
5851,"low"
5852,"low"
5853,"low"
5854,"low"
5855,"low"
5856,"low"
5857,"low"
5859,"low"
5860,"low"
5862,"low"
5863,"low"
5865,"low"
5866,"low"
5867,"low"
5868,"low"
5869,"low"
5870,"low"
5871,"low"
5874,"low"
5875,"low"
5876,"low"
5877,"low"
5878,"low"
5879,"low"
5880,"low"
5881,"low"
5882,"low"
5883,"low"
5886,"low"
5887,"low"
5888,"low"
5889,"low"
5891,"low"
5892,"low"
5893,"low"
5894,"low"
5896,"low"
5900,"low"
5901,"low"
5902,"low"
5903,"low"
5904,"low"
5905,"low"
5906,"low"
5907,"low"
5910,"low"
5911,"low"
5912,"low"
5913,"low"
5914,"low"
5915,"low"
5917,"low"
5918,"low"
5919,"low"
5920,"low"
5922,"low"
5923,"low"
5924,"low"
5926,"low"
5931,"low"
5932,"low"
5933,"low"
5934,"low"
5937,"low"
5938,"low"
5939,"low"
5940,"low"
5941,"low"
5943,"low"
5944,"low"
5945,"low"
5946,"low"
5947,"low"
5948,"low"
5949,"low"
5950,"low"
5952,"low"
5953,"low"
5954,"low"
5955,"low"
5956,"low"
5957,"low"
5958,"low"
5959,"low"
5960,"low"
5961,"low"
5962,"low"
5963,"low"
5965,"low"
5966,"low"
5967,"low"
5970,"low"
5971,"low"
5972,"low"
5973,"low"
5974,"low"
5975,"low"
5976,"low"
5977,"low"
5978,"low"
5979,"low"
5980,"low"
5981,"low"
5982,"low"
5983,"low"
5984,"low"
5985,"low"
5987,"low"
5988,"low"
5989,"low"
5990,"low"
5991,"low"
5992,"low"
5993,"low"
5994,"low"
6067,"low"
6068,"low"
6069,"low"
6070,"low"
6078,"low"
6079,"low"
6080,"low"
6081,"low"
6082,"low"
6083,"low"
6084,"low"
6085,"low"
6086,"low"
6087,"low"
6088,"low"
6089,"low"
6090,"low"
6091,"low"
6095,"low"
6098,"low"
6099,"low"
6100,"low"
5073,"low"
5120,"low"
5234,"low"
5273,"low"
5288,"low"
5312,"low"
5333,"low"
5417,"low"
5464,"low"
5535,"low"
5575,"low"
5580,"low"
5581,"low"
5582,"low"
5583,"low"
5617,"low"
5756,"low"
5757,"low"
5765,"low"
5767,"low"
5770,"low"
5773,"low"
5775,"low"
5776,"low"
5777,"low"
5778,"low"
5779,"low"
5780,"low"
5781,"low"
5782,"low"
3378,"low"
5792,"low"
5861,"low"
5010,"low"
5026,"low"
5069,"low"
5074,"low"
5119,"low"
5127,"low"
5130,"low"
5140,"low"
5154,"low"
5155,"low"
5161,"low"
5162,"low"
5185,"low"
5202,"low"
5209,"low"
5210,"low"
5211,"low"
5212,"low"
5213,"low"
5214,"low"
5215,"low"
5216,"low"
5217,"low"
5218,"low"
5219,"low"
5220,"low"
5221,"low"
5222,"low"
5223,"low"
5224,"low"
5225,"low"
5226,"low"
5253,"low"
5281,"low"
5289,"low"
5294,"low"
5301,"low"
5303,"low"
5349,"low"
5355,"low"
5356,"low"
5363,"low"
5382,"low"
5384,"low"
5389,"low"
5402,"low"
5412,"low"
5421,"low"
5424,"low"
5462,"low"
5477,"low"
5479,"low"
5480,"low"
5483,"low"
5487,"low"
5528,"low"
5539,"low"
5548,"low"
5561,"low"
5577,"low"
5597,"low"
5636,"low"
5637,"low"
5638,"low"
5639,"low"
5640,"low"
5641,"low"
5642,"low"
5643,"low"
5644,"low"
5645,"low"
5646,"low"
5647,"low"
5648,"low"
5649,"low"
5650,"low"
5651,"low"
5652,"low"
5653,"low"
5654,"low"
5655,"low"
5656,"low"
5657,"low"
5658,"low"
5659,"low"
5660,"low"
5661,"low"
5662,"low"
5663,"low"
5664,"low"
5665,"low"
5666,"low"
5667,"low"
5678,"low"
5679,"low"
5680,"low"
5681,"low"
5682,"low"
5683,"low"
5684,"low"
5685,"low"
5686,"low"
5687,"low"
5688,"low"
5690,"low"
5691,"low"
5692,"low"
5694,"low"
5697,"low"
5698,"low"
5699,"low"
5700,"low"
5701,"low"
5702,"low"
5703,"low"
5704,"low"
5705,"low"
5706,"low"
5707,"low"
5708,"low"
5709,"low"
5710,"low"
5711,"low"
5712,"low"
5713,"low"
5714,"low"
5715,"low"
5716,"low"
5717,"low"
5718,"low"
5719,"low"
5720,"low"
5721,"low"
5722,"low"
5723,"low"
5724,"low"
5725,"low"
5726,"low"
5727,"low"
5728,"low"
5738,"low"
5739,"low"
5758,"low"
5763,"low"
5764,"low"
5766,"low"
5768,"low"
5769,"low"
5771,"low"
5772,"low"
5774,"low"
5783,"low"
5784,"low"
5785,"low"
5787,"low"
5788,"low"
5789,"low"
5790,"low"
5793,"low"
5794,"low"
5795,"low"
5797,"low"
5798,"low"
5812,"low"
5819,"low"
5824,"low"
5825,"low"
5826,"low"
5828,"low"
5835,"low"
5858,"low"
5864,"low"
5872,"low"
5873,"low"
5885,"low"
5890,"low"
5895,"low"
5897,"low"
5898,"low"
5899,"low"
5916,"low"
5925,"low"
5928,"low"
5930,"low"
5936,"low"
5942,"low"
5951,"low"
5964,"low"
5968,"low"
0,"low"
5986,"low"
6071,"low"
6092,"low"
6093,"low"
6094,"low"
6096,"low"
6101,"low"
6102,"low"
6103,"low"
6104,"low"
6105,"low"
701,"low"
2470,"low"
5041,"low"
4406,"low"
5801,"low"
1151,"low"
1152,"low"
1315,"low"
1316,"low"
1350,"low"
1410,"low"
1413,"low"
1414,"low"
1415,"low"
1416,"low"
1595,"low"
1596,"low"
1597,"low"
1598,"low"
1733,"low"
1734,"low"
1738,"low"
1750,"low"
1751,"low"
1752,"low"
1753,"low"
1791,"low"
1794,"low"
1852,"low"
1853,"low"
1968,"low"
1969,"low"
1970,"low"
1971,"low"
1972,"low"
1973,"low"
2004,"low"
2005,"low"
2006,"low"
2007,"low"
2008,"low"
2167,"low"
2168,"low"
2169,"low"
2170,"low"
2171,"low"
2172,"low"
2177,"low"
1412,"low"
1795,"low"
5499,"low"
6077,"low"
878,"low"
948,"low"
949,"low"
958,"low"
959,"low"
970,"low"
972,"low"
973,"low"
979,"low"
980,"low"
1081,"low"
1082,"low"
1083,"low"
1113,"low"
1246,"low"
1265,"low"
1266,"low"
1267,"low"
1268,"low"
1269,"low"
1270,"low"
1271,"low"
1272,"low"
1273,"low"
1274,"low"
1421,"low"
1422,"low"
1423,"low"
1537,"low"
1538,"low"
1539,"low"
1540,"low"
1541,"low"
1542,"low"
1713,"low"
1714,"low"
1715,"low"
1716,"low"
1873,"low"
1874,"low"
1875,"low"
1876,"low"
1877,"low"
1878,"low"
1879,"low"
1880,"low"
1881,"low"
1882,"low"
1917,"low"
2016,"low"
2022,"low"
2023,"low"
2024,"low"
2025,"low"
2077,"low"
2078,"low"
2146,"low"
2147,"low"
2234,"low"
2235,"low"
2236,"low"
974,"low"
975,"low"
976,"low"
1247,"low"
2017,"low"
2079,"low"
5045,"low"
5046,"low"
5047,"low"
5048,"low"
5049,"low"
5267,"low"
5268,"low"
5269,"low"
5270,"low"
5271,"low"
5272,"low"
6072,"low"
6073,"low"
6074,"low"
6075,"low"
6076,"low"
5044,"low"
